rank		instances	precision	recall	f1-score
1	macro measures	3310	0.9086538461538461	0.34259818731117825	0.4975866608161475
2	macro measures	3310	0.9231974921630094	0.3558912386706949	0.5137374618403838
